{
	"events": [
		{
			"character": "character-1713213572.json",
			"event_id": "dialogic_001",
			"portrait": "",
			"text": "My noble knight I need you to deliver this package to the prince   "
		},
		{
			"character": "character-1713213572.json",
			"event_id": "dialogic_001",
			"portrait": "",
			"text": "Becareful with all of those dragons outside "
		},
		{
			"character": "character-1713213572.json",
			"event_id": "dialogic_001",
			"portrait": "",
			"text": "Take this Bow and Arrow and defend yourself "
		},
		{
			"character": "character-1713212642.json",
			"event_id": "dialogic_001",
			"portrait": "",
			"text": "Yes sire understood "
		},
		{
			"character": "",
			"event_id": "dialogic_001",
			"portrait": "",
			"text": "Here's a quick tutorial "
		},
		{
			"character": "",
			"event_id": "dialogic_001",
			"portrait": "",
			"text": "WASD to attack, Arrow Keys to move, and Enter to interact with the world  "
		},
		{
			"character": "",
			"event_id": "dialogic_001",
			"portrait": "",
			"text": "Finish the level qouta to reach the prince  "
		},
		{
			"emit_signal": "King_ended",
			"event_id": "dialogic_040"
		}
	],
	"metadata": {
		"dialogic-version": "1.4.5",
		"file": "timeline-1713213592.json",
		"name": "KingIntro"
	}
}
