{
	"events": [
		{
			"character": "character-1713213777.json",
			"event_id": "dialogic_001",
			"portrait": "",
			"text": "Let me see you.... "
		},
		{
			"character": "",
			"event_id": "dialogic_001",
			"portrait": "",
			"text": "Your HP is MAXED out  "
		},
		{
			"character": "character-1713213777.json",
			"event_id": "dialogic_001",
			"portrait": "",
			"text": "All done "
		},
		{
			"emit_signal": "Heal_end",
			"event_id": "dialogic_040"
		}
	],
	"metadata": {
		"dialogic-version": "1.4.5",
		"file": "timeline-1713213736.json",
		"name": "Healer"
	}
}
