{
	"events": [
		{
			"character": "character-1713281614.json",
			"event_id": "dialogic_001",
			"portrait": "",
			"text": "What's this?"
		},
		{
			"character": "character-1713281614.json",
			"event_id": "dialogic_001",
			"portrait": "",
			"text": "A note? "
		},
		{
			"character": "character-1713281614.json",
			"event_id": "dialogic_001",
			"portrait": "",
			"text": "..........."
		},
		{
			"character": "character-1713281614.json",
			"event_id": "dialogic_001",
			"portrait": "",
			"text": "thank you very much Knight but I have to get going now\n "
		},
		{
			"emit_signal": "level_ended",
			"event_id": "dialogic_040"
		}
	],
	"metadata": {
		"dialogic-version": "1.4.5",
		"file": "timeline-1713281595.json",
		"name": "LevelKing"
	}
}
