{
	"events": [
		{
			"character": "character-1713213799.json",
			"event_id": "dialogic_001",
			"portrait": "",
			"text": "Sorry I can't help you lad"
		},
		{
			"character": "character-1713213799.json",
			"event_id": "dialogic_001",
			"portrait": "",
			"text": "Those stupid dragons stole all of my swords  "
		},
		{
			"emit_signal": "blacksmith_ended",
			"event_id": "dialogic_040"
		}
	],
	"metadata": {
		"dialogic-version": "1.4.5",
		"file": "timeline-1713213765.json",
		"name": "BlackSmith"
	}
}
