{
	"files": [

	],
	"folders": {
		"Characters": {
			"files": [
				"character-1713212642.json",
				"character-1713213572.json",
				"character-1713213777.json",
				"character-1713213799.json",
				"character-1713281614.json"
			],
			"folders": {

			},
			"metadata": {
				"color": null,
				"folded": false
			}
		},
		"Definitions": {
			"files": [

			],
			"folders": {

			},
			"metadata": {
				"color": null,
				"folded": false
			}
		},
		"Themes": {
			"files": [
				"default-theme.cfg"
			],
			"folders": {

			},
			"metadata": {
				"color": null,
				"folded": false
			}
		},
		"Timelines": {
			"files": [
				"timeline-1713213352.json",
				"timeline-1713213592.json"
			],
			"folders": {
				"NPCTalk": {
					"files": [
						"timeline-1713213736.json",
						"timeline-1713213765.json",
						"timeline-1713281595.json"
					],
					"folders": {

					},
					"metadata": {
						"color": null,
						"folded": false
					}
				}
			},
			"metadata": {
				"color": null,
				"folded": false
			}
		}
	}
}
